City_ID,City,Country,Date,Lat,Lng,Max Temp,Humidity,Cloudiness,Wind Speed
0,East London,ZA,2022-04-04 16:53:36,-33.0153,27.9116,70.74,83,20,5.75
1,Barauna,BR,2022-04-04 16:53:37,-5.08,-37.6167,87.42,57,91,8.57
2,Upernavik,GL,2022-04-04 16:53:37,72.7868,-56.1549,26.22,76,99,2.62
3,Tessalit,ML,2022-04-04 16:53:37,20.1986,1.0114,103.75,3,1,15.35
4,Pevek,RU,2022-04-04 16:53:38,69.7008,170.3133,-21.59,98,28,2.46
5,Cape Town,ZA,2022-04-04 16:53:38,-33.9258,18.4232,65.88,81,20,13.8
6,Vila Velha,BR,2022-04-04 16:53:38,-20.3297,-40.2925,87.75,69,40,11.5
7,Yerbogachen,RU,2022-04-04 16:53:39,61.2767,108.0108,-3.24,100,81,3.38
8,Maltahohe,NA,2022-04-04 16:53:39,-24.8333,16.9833,67.8,18,0,13.18
9,Chivay,PE,2022-04-04 16:53:39,-15.6383,-71.6011,56.75,56,79,6.24
10,Padang,ID,2022-04-04 16:53:40,-0.9492,100.3543,73.45,82,22,3.94
11,Ushuaia,AR,2022-04-04 16:49:36,-54.8,-68.3,42.42,70,40,21.85
12,Tuktoyaktuk,CA,2022-04-04 16:51:09,69.4541,-133.0374,-18.4,76,100,8.05
13,Khatanga,RU,2022-04-04 16:53:40,71.9667,102.5,-28.05,100,35,3.09
14,Yellowknife,CA,2022-04-04 16:51:42,62.456,-114.3525,30.42,75,75,14.97
15,Nishihara,JP,2022-04-04 16:53:40,26.1842,127.7558,63.68,70,0,8.05
16,Balaipungut,ID,2022-04-04 16:53:41,1.05,101.2833,74.26,97,63,2.62
17,Hobart,AU,2022-04-04 16:52:36,-42.8794,147.3294,58.26,78,100,4.61
18,Kaitangata,NZ,2022-04-04 16:53:41,-46.2817,169.8464,52.32,96,100,3.94
19,Noumea,NC,2022-04-04 16:53:41,-22.2763,166.4572,82.99,99,100,6.8
20,Bara,NG,2022-04-04 16:53:42,10.3744,10.7288,103.78,8,27,2.86
21,Sorland,NO,2022-04-04 16:53:35,67.667,12.6934,31.86,48,25,15.48
22,Berlevag,NO,2022-04-04 16:50:20,70.8578,29.0864,21.0,71,100,10.58
23,Korla,CN,2022-04-04 16:53:42,41.7597,86.1469,61.34,21,0,1.32
24,Mataura,NZ,2022-04-04 16:52:37,-46.1927,168.8643,51.15,92,100,3.6
25,Vaini,TO,2022-04-04 16:52:31,-21.2,-175.2,71.76,94,75,6.91
26,Maniitsoq,GL,2022-04-04 16:53:43,65.4167,-52.9,33.19,70,15,2.44
27,Hermanus,ZA,2022-04-04 16:51:12,-34.4187,19.2345,63.81,79,4,13.35
28,Ilulissat,GL,2022-04-04 16:52:17,69.2167,-51.1,33.91,78,9,4.07
29,Mizan Teferi,ET,2022-04-04 16:53:43,6.9833,35.5833,66.02,75,73,2.08
30,Jamestown,US,2022-04-04 16:50:41,42.097,-79.2353,43.02,54,0,5.75
31,Nuuk,GL,2022-04-04 16:53:44,64.1835,-51.7216,34.88,80,84,1.01
32,Vanimo,PG,2022-04-04 16:53:44,-2.6741,141.3028,77.23,90,97,5.84
33,Tifton,US,2022-04-04 16:51:17,31.4505,-83.5085,75.88,34,0,5.75
34,Bandar-E Lengeh,IR,2022-04-04 16:53:44,26.5579,54.8807,84.31,70,5,6.91
35,Saint George,US,2022-04-04 16:52:31,37.1041,-113.5841,65.62,35,0,1.99
36,Camacha,PT,2022-04-04 16:53:45,33.0833,-16.3333,56.62,58,40,20.71
37,Arraial Do Cabo,BR,2022-04-04 16:51:14,-22.9661,-42.0278,85.96,70,20,12.66
38,Geraldton,AU,2022-04-04 16:53:45,-28.7667,114.6,66.61,88,4,9.22
39,Senekal,ZA,2022-04-04 16:53:45,-28.3197,27.6208,60.37,81,92,8.88
40,Thompson,CA,2022-04-04 16:53:46,55.7435,-97.8558,35.76,55,0,5.75
41,Koungou,YT,2022-04-04 16:53:46,-12.7336,45.2042,83.91,79,0,4.61
42,Dingle,PH,2022-04-04 16:53:46,10.9995,122.6711,76.44,89,100,6.96
43,Punta Arenas,CL,2022-04-04 16:53:47,-53.15,-70.9167,42.91,70,40,31.07
44,Hua Hin,TH,2022-04-04 16:53:47,12.5707,99.9588,84.0,48,93,3.49
45,Grindavik,IS,2022-04-04 16:53:47,63.8424,-22.4338,37.35,93,100,13.8
46,Kununurra,AU,2022-04-04 16:51:00,-15.7667,128.7333,71.58,88,38,0.0
47,Nioro,GM,2022-04-04 16:53:48,13.35,-15.75,98.8,13,8,7.58
48,Plavinas,LV,2022-04-04 16:54:48,56.6178,25.7255,35.98,91,100,11.68
49,Zemio,CF,2022-04-04 16:54:48,5.0314,25.1361,78.3,64,50,11.99
50,Puteyets,RU,2022-04-04 16:54:49,65.1716,57.091,13.8,95,94,3.2
51,Lorengau,PG,2022-04-04 16:54:49,-2.0226,147.2712,80.28,81,100,10.69
52,Coihueco,CL,2022-04-04 16:54:49,-36.6167,-71.8333,63.34,36,0,14.97
53,Bluff,NZ,2022-04-04 16:54:50,-46.6,168.3333,53.85,84,100,8.43
54,Souillac,MU,2022-04-04 16:54:02,-20.5167,57.5167,79.18,83,100,11.5
55,Rikitea,PF,2022-04-04 16:54:29,-23.1203,-134.9692,77.4,63,14,12.59
56,Abaza,RU,2022-04-04 16:54:50,52.655,90.0928,40.1,94,100,4.18
57,Port Alfred,ZA,2022-04-04 16:52:30,-33.5906,26.891,65.17,81,2,5.01
58,Usinsk,RU,2022-04-04 16:53:47,65.9939,57.5281,14.86,92,99,9.86
59,Chokurdakh,RU,2022-04-04 16:54:51,70.6333,147.9167,-18.8,100,47,7.87
60,Saskylakh,RU,2022-04-04 16:54:51,71.9167,114.0833,-8.39,99,99,5.01
61,Ribeira Grande,PT,2022-04-04 16:52:32,38.5167,-28.7,64.8,72,40,8.05
62,Adamovka,RU,2022-04-04 16:54:51,51.5223,59.9396,40.95,85,100,7.85
63,Balabac,PH,2022-04-04 16:54:52,7.9868,117.0645,76.86,92,100,7.9
64,Broome,US,2022-04-04 16:51:07,42.2506,-75.833,42.62,72,100,8.05
65,Arkhangelsk,RU,2022-04-04 16:54:52,64.5401,40.5433,30.31,51,20,4.47
66,Busselton,AU,2022-04-04 16:52:33,-33.65,115.3333,54.34,77,0,10.13
67,Matagami,CA,2022-04-04 16:54:53,49.7502,-77.6328,32.11,40,0,10.36
68,Atuona,PF,2022-04-04 16:54:53,-9.8,-139.0333,79.45,75,15,23.26
69,Mehamn,NO,2022-04-04 16:53:24,71.0357,27.8492,19.35,73,20,3.44
70,Nikolskoye,RU,2022-04-04 16:52:37,59.7035,30.7861,39.09,71,100,10.56
71,Alofi,NU,2022-04-04 16:54:53,-19.0595,-169.9187,73.29,94,75,4.61
72,Carnarvon,AU,2022-04-04 16:51:08,-24.8667,113.6333,75.27,83,0,14.97
73,Kapaa,US,2022-04-04 16:54:54,22.0752,-159.319,73.11,79,100,1.99
74,Brownwood,US,2022-04-04 16:54:18,31.7093,-98.9912,77.0,60,100,13.8
75,Lebu,CL,2022-04-04 16:52:34,-37.6167,-73.65,58.51,69,11,17.25
76,Albany,US,2022-04-04 16:50:05,42.6001,-73.9662,49.93,50,77,5.99
77,Paamiut,GL,2022-04-04 16:50:09,61.994,-49.6678,33.91,95,100,11.88
78,Valpoi,IN,2022-04-04 16:54:55,15.5305,74.1356,83.77,91,35,0.74
79,Esperance,AU,2022-04-04 16:54:55,-33.8667,121.9,57.04,74,53,15.88
80,Beloha,MG,2022-04-04 16:54:55,-25.1667,45.05,74.26,87,6,13.53
81,Nanzhang,CN,2022-04-04 16:54:56,31.7765,111.8386,61.61,73,100,3.94
82,Ongandjera,NA,2022-04-04 16:54:56,-17.8833,15.0667,79.12,42,52,8.75
83,Guerrero Negro,MX,2022-04-04 16:54:56,27.9769,-114.0611,63.97,60,86,17.45
84,Casma,CL,2022-04-04 16:54:57,-41.0082,-73.1244,56.48,59,76,0.89
85,Kruisfontein,ZA,2022-04-04 16:54:57,-34.0033,24.7314,63.88,83,0,8.39
86,Faanui,PF,2022-04-04 16:52:42,-16.4833,-151.75,81.93,72,100,18.57
87,Yumen,CN,2022-04-04 16:52:34,40.2833,97.2,50.18,19,0,4.65
88,Beyneu,KZ,2022-04-04 16:54:46,45.3167,55.2,56.44,48,100,25.05
89,Tazovskiy,RU,2022-04-04 16:54:57,67.4667,78.7,25.88,95,100,24.11
90,Murray Bridge,AU,2022-04-04 16:54:58,-35.1167,139.2667,53.13,89,0,0.67
91,Nueva Rosita,MX,2022-04-04 16:54:58,27.95,-101.2167,78.37,57,83,5.97
92,Akdepe,TM,2022-04-04 16:54:58,42.0551,59.3788,77.09,15,28,12.3
93,Kodiak,US,2022-04-04 16:54:59,57.79,-152.4072,33.51,63,100,5.17
94,Coihaique,CL,2022-04-04 16:55:59,-45.5752,-72.0662,54.21,93,98,8.57
95,Huaraz,PE,2022-04-04 16:55:59,-9.5333,-77.5333,62.02,61,100,0.94
96,Dudinka,RU,2022-04-04 16:54:13,69.4058,86.1778,9.63,85,64,10.96
97,Lewiston,US,2022-04-04 16:56:00,44.1003,-70.2148,52.86,31,0,18.41
98,Flin Flon,CA,2022-04-04 16:56:00,54.7682,-101.865,33.64,80,75,8.05
99,Mathbaria,BD,2022-04-04 16:56:00,22.2876,89.9593,79.03,80,2,12.5
100,Puyang,CN,2022-04-04 16:56:01,29.4603,119.8861,53.8,74,100,1.16
101,Avarua,CK,2022-04-04 16:56:01,-21.2078,-159.775,71.65,100,99,1.14
102,Fare,PF,2022-04-04 16:52:43,-16.7,-151.0167,82.18,72,99,16.67
103,Atambua,ID,2022-04-04 16:56:02,-9.1061,124.8925,71.67,88,7,3.83
104,Victoria Point,AU,2022-04-04 16:56:02,-27.5833,153.3,68.43,95,8,1.97
105,Saint-Philippe,RE,2022-04-04 16:54:59,-21.3585,55.7679,76.59,86,100,15.23
106,Bima,ID,2022-04-04 16:56:02,-8.4667,118.7167,74.55,92,3,3.31
107,Guadalupe Y Calvo,MX,2022-04-04 16:56:03,26.1,-106.9667,62.8,15,0,12.93
108,Ziarat,PK,2022-04-04 16:56:03,30.3823,67.7282,57.24,13,25,5.37
109,Tiksi,RU,2022-04-04 16:56:03,71.6872,128.8694,-6.5,100,100,5.26
110,Milkovo,RU,2022-04-04 16:56:04,54.7167,158.6167,16.48,83,32,0.74
111,Bubaque,GW,2022-04-04 16:53:19,11.2833,-15.8333,75.83,71,3,21.61
112,Luderitz,NA,2022-04-04 16:56:04,-26.6481,15.1594,62.26,76,0,7.76
113,Havre-Saint-Pierre,CA,2022-04-04 16:54:09,50.2334,-63.5986,32.36,59,0,6.91
114,Meulaboh,ID,2022-04-04 16:56:05,4.1363,96.1285,77.32,86,100,2.84
115,Kahului,US,2022-04-04 16:56:05,20.8947,-156.47,73.85,78,100,14.0
116,Georgetown,MY,2022-04-04 16:56:05,5.4112,100.3354,78.73,93,40,2.3
117,Chuy,UY,2022-04-04 16:53:44,-33.6971,-53.4616,70.41,54,85,9.24
118,Bredasdorp,ZA,2022-04-04 16:56:06,-34.5322,20.0403,65.17,71,3,13.24
119,Ouargaye,BF,2022-04-04 16:56:06,11.5033,0.0572,100.98,21,100,7.74
120,Santa Cruz De La Palma,ES,2022-04-04 16:56:07,28.6835,-17.7642,65.14,63,40,19.57
121,Mar Del Plata,AR,2022-04-04 16:55:07,-38.0023,-57.5575,69.87,33,0,13.8
122,Mundargi,IN,2022-04-04 16:56:07,15.2167,75.9,89.4,25,68,5.12
123,Saint-Junien,FR,2022-04-04 16:56:07,45.8833,0.9,50.85,47,1,4.85
124,Smolensk,RU,2022-04-04 16:56:08,55.0,33.0,29.8,87,67,7.18
125,Barrow,US,2022-04-04 16:52:37,71.2906,-156.7887,-5.78,77,100,16.11
126,Dikson,RU,2022-04-04 16:53:27,73.5069,80.5464,-4.23,96,12,7.31
127,Coquimbo,CL,2022-04-04 16:54:33,-29.9533,-71.3436,56.93,94,100,11.5
128,Hilo,US,2022-04-04 16:56:08,19.7297,-155.09,69.53,90,100,6.91
129,Parrita,CR,2022-04-04 16:56:09,9.5201,-84.3225,86.36,64,99,5.79
130,Lompoc,US,2022-04-04 16:56:09,34.6391,-120.4579,65.84,76,20,18.01
131,Flinders,AU,2022-04-04 16:56:09,-34.5833,150.8552,62.06,77,0,1.99
132,Severo-Kurilsk,RU,2022-04-04 16:56:09,50.6789,156.125,32.4,79,8,5.84
133,Fort Nelson,CA,2022-04-04 16:56:10,58.8053,-122.7002,29.79,64,75,4.61
134,Siyabuswa,ZA,2022-04-04 16:54:14,-25.1132,29.0445,63.84,89,98,2.91
135,Puerto Ayora,EC,2022-04-04 16:56:10,-0.7393,-90.3518,85.96,87,80,5.01
136,Nieuw Nickerie,SR,2022-04-04 16:56:11,5.95,-56.9833,79.18,85,84,10.71
137,Sao Filipe,CV,2022-04-04 16:53:38,14.8961,-24.4956,71.49,74,9,11.27
138,Celestun,MX,2022-04-04 16:57:11,20.8667,-90.4,87.84,52,0,7.54
139,Sao Joao Da Barra,BR,2022-04-04 16:57:11,-21.6403,-41.0511,87.89,72,6,10.09
140,Port Hedland,AU,2022-04-04 16:57:12,-20.3167,118.5667,82.45,83,0,9.22
141,San Cristobal,VE,2022-04-04 16:57:12,7.7669,-72.225,82.58,45,100,9.6
142,Rio Cuarto,AR,2022-04-04 16:57:12,-33.1307,-64.3499,78.48,24,0,17.27
143,Lufilufi,WS,2022-04-04 16:57:13,-13.8745,-171.5986,73.18,74,98,11.61
144,Hithadhoo,MV,2022-04-04 16:53:33,-0.6,73.0833,83.77,67,55,3.83
145,Qaanaaq,GL,2022-04-04 16:57:13,77.484,-69.3632,20.57,74,98,8.14
146,Oxford,GB,2022-04-04 16:52:41,51.7522,-1.256,58.17,77,100,11.5
147,Merauke,ID,2022-04-04 16:57:13,-8.4667,140.3333,78.8,85,95,7.9
148,Yatou,CN,2022-04-04 16:57:14,37.15,122.3833,44.71,75,34,11.07
149,Nanortalik,GL,2022-04-04 16:53:57,60.1432,-45.2371,37.53,76,100,4.5
150,Hasaki,JP,2022-04-04 16:57:14,35.7333,140.8333,46.8,92,100,33.8
151,Erdenet,MN,2022-04-04 16:57:15,49.0333,104.0833,23.04,51,98,5.84
152,Shieli,KZ,2022-04-04 16:57:15,44.1667,66.75,70.14,29,0,8.59
153,Balykshi,KZ,2022-04-04 16:57:15,47.0667,51.8667,53.6,50,75,11.18
154,Farah,AF,2022-04-04 16:57:16,32.5,62.5,75.25,9,0,2.17
155,Maningrida,AU,2022-04-04 16:57:16,-12.0667,134.2667,79.84,74,31,5.3
156,Nouadhibou,MR,2022-04-04 16:57:16,20.931,-17.0347,71.58,68,20,12.66
157,San Patricio,US,2022-04-04 16:57:17,28.017,-97.5169,81.18,62,85,17.94
158,Naze,JP,2022-04-04 16:52:40,28.3667,129.4833,50.92,53,0,5.06
159,Amazar,RU,2022-04-04 16:57:17,53.858,120.875,13.69,92,97,4.07
160,Tuatapere,NZ,2022-04-04 16:57:18,-46.1333,167.6833,55.31,85,100,5.84
161,Kirkland Lake,CA,2022-04-04 16:57:18,48.1446,-80.0377,41.29,45,99,1.81
162,Bay Roberts,CA,2022-04-04 16:57:18,47.5999,-53.2648,50.5,62,94,6.89
163,Kamwenge,UG,2022-04-04 16:57:19,0.1866,30.4539,70.23,73,92,1.05
164,Likasi,CD,2022-04-04 16:57:19,-10.9814,26.7333,64.98,94,78,3.4
165,Terrak,NO,2022-04-04 16:57:19,65.087,12.3715,33.67,75,58,4.21
166,Castro,BR,2022-04-04 16:49:21,-24.7911,-50.0119,75.67,75,17,7.96
167,Bonavista,CA,2022-04-04 16:54:57,48.6499,-53.1147,36.59,78,64,6.91
168,San Juan,AR,2022-04-04 16:57:20,-31.5375,-68.5364,72.16,24,1,5.12
169,Torbay,CA,2022-04-04 16:52:39,47.6666,-52.7314,47.17,49,75,6.91
170,Butaritari,KI,2022-04-04 16:52:33,3.0707,172.7902,81.3,79,98,15.14
171,Nueva Helvecia,UY,2022-04-04 16:57:20,-34.3,-57.2333,66.6,25,1,7.99
172,Fagersta,SE,2022-04-04 16:57:21,60.0042,15.7932,30.65,96,100,13.33
173,Bor,RU,2022-04-04 16:57:21,56.3567,44.0669,33.73,87,100,7.27
174,Trairi,BR,2022-04-04 16:57:21,-3.2778,-39.2689,83.34,77,100,11.61
175,Lavrentiya,RU,2022-04-04 16:57:22,65.5833,-171.0,-12.37,93,25,9.84
176,Bathsheba,BB,2022-04-04 16:57:22,13.2167,-59.5167,84.81,58,40,14.97
177,Buala,SB,2022-04-04 16:57:22,-8.145,159.5921,80.51,84,99,12.1
178,Senj,HR,2022-04-04 16:57:23,44.9894,14.9058,51.94,69,6,2.44
179,Kuliyapitiya,LK,2022-04-04 16:57:23,7.4688,80.0401,78.48,91,57,2.44
180,Deputatskiy,RU,2022-04-04 16:57:23,69.3,139.9,-17.59,98,66,1.63
181,Oistins,BB,2022-04-04 16:54:54,13.0667,-59.5333,84.29,58,40,14.97
182,Hobyo,SO,2022-04-04 16:58:24,5.3505,48.5268,82.27,69,84,9.64
183,Bethel,US,2022-04-04 16:52:19,41.3712,-73.414,53.15,54,20,9.22
184,Lagoa,PT,2022-04-04 16:58:24,39.05,-27.9833,59.0,64,100,10.65
185,Beringovskiy,RU,2022-04-04 16:52:32,63.05,179.3167,-11.15,96,99,10.78
186,Port Elizabeth,ZA,2022-04-04 16:58:25,-33.918,25.5701,66.09,87,20,17.27
187,Saint-Augustin,CA,2022-04-04 16:58:25,51.226,-58.6502,32.65,95,59,4.09
188,Florina,GR,2022-04-04 16:58:25,40.782,21.4098,42.58,93,100,3.2
189,Marsh Harbour,BS,2022-04-04 16:58:26,26.5412,-77.0636,74.7,73,95,10.47
190,Tasiilaq,GL,2022-04-04 16:56:01,65.6145,-37.6368,15.55,87,88,8.39
191,Jalu,LY,2022-04-04 16:58:26,29.0331,21.5482,91.94,5,0,7.65
192,Clyde River,CA,2022-04-04 16:53:42,70.4692,-68.5914,14.23,92,75,2.3
193,New Norfolk,AU,2022-04-04 16:58:26,-42.7826,147.0587,57.92,72,96,1.99
194,Mao,ES,2022-04-04 16:58:27,39.8885,4.2658,50.56,66,20,16.11
195,Ahipara,NZ,2022-04-04 16:58:27,-35.1667,173.1667,63.57,91,100,5.75
196,Port Lincoln,AU,2022-04-04 16:56:12,-34.7333,135.8667,62.06,85,4,11.45
197,Bacolod,PH,2022-04-04 16:58:27,10.6667,122.95,79.21,82,90,10.31
198,Victoria,HK,2022-04-04 16:50:46,22.2855,114.1577,67.32,76,4,15.01
199,Fairbanks,US,2022-04-04 16:55:10,64.8378,-147.7164,8.49,77,0,0.0
200,Pisco,PE,2022-04-04 16:58:28,-13.7,-76.2167,73.02,78,0,8.05
201,Balad,IQ,2022-04-04 16:58:28,34.0164,44.1453,77.83,14,29,11.34
202,Henties Bay,NA,2022-04-04 16:58:29,-22.116,14.2845,63.14,75,0,11.65
203,Koksovyy,RU,2022-04-04 16:58:29,48.1967,40.5989,39.18,57,80,11.07
204,Oskarshamn,SE,2022-04-04 16:58:29,57.2645,16.4484,36.99,97,100,12.62
205,Barranca,PE,2022-04-04 16:58:29,-10.75,-77.7667,73.04,73,81,9.62
206,Cherskiy,RU,2022-04-04 16:58:30,68.75,161.3,-23.4,99,66,2.26
207,Kalmunai,LK,2022-04-04 16:58:30,7.4167,81.8167,80.55,77,64,7.29
208,Laguna,US,2022-04-04 16:58:30,38.421,-121.4238,62.29,66,0,5.75
209,Port Blair,IN,2022-04-04 16:54:58,11.6667,92.75,82.44,78,20,2.3
210,Yining,CN,2022-04-04 16:58:31,29.0361,114.5636,59.95,74,100,1.16
211,Sorong,ID,2022-04-04 16:58:31,-0.8833,131.25,78.12,86,55,6.26
212,Waipawa,NZ,2022-04-04 16:58:31,-41.4122,175.5153,53.71,88,24,7.72
213,Norman Wells,CA,2022-04-04 16:58:32,65.282,-126.8329,-7.56,64,75,10.36
214,Mahebourg,MU,2022-04-04 16:55:08,-20.4081,57.7,79.09,83,100,11.5
215,Bayir,TR,2022-04-04 16:58:32,37.2687,28.2167,55.92,51,100,2.82
216,Ust-Maya,RU,2022-04-04 16:58:33,60.4167,134.5333,18.95,97,100,2.48
217,Palu,ID,2022-04-04 16:58:33,-0.8917,119.8707,75.29,94,100,2.33
218,Iracoubo,GF,2022-04-04 16:58:33,5.4802,-53.2011,79.52,83,93,13.65
219,Makakilo City,US,2022-04-04 16:58:33,21.3469,-158.0858,73.72,64,40,6.91
220,Kawalu,ID,2022-04-04 16:58:34,-7.3817,108.2082,72.07,98,37,0.89
221,Coos Bay,US,2022-04-04 16:58:34,43.3665,-124.2179,51.31,98,100,12.66
222,Mityana,UG,2022-04-04 16:58:34,0.4175,32.0228,71.1,68,75,3.96
223,Darnah,LY,2022-04-04 16:55:07,32.767,22.6367,69.64,52,67,13.91
224,Mecca,SA,2022-04-04 16:53:59,21.4267,39.8261,86.47,26,98,4.16
225,Kovdor,RU,2022-04-04 16:58:35,67.5662,30.4758,18.9,96,97,5.7
226,Antofagasta,CL,2022-04-04 16:54:05,-23.65,-70.4,72.21,49,1,8.61
227,Zeya,RU,2022-04-04 16:58:36,53.75,127.2667,18.0,77,63,3.56
228,Gat,IL,2022-04-04 16:59:36,31.61,34.7642,70.81,100,5,8.75
229,Nhulunbuy,AU,2022-04-04 16:55:34,-12.2333,136.7667,77.61,88,28,0.0
230,Wilmington,US,2022-04-04 16:56:58,34.2257,-77.9447,66.0,50,64,4.0
231,Belmonte,BR,2022-04-04 16:59:37,-15.8631,-38.8828,82.85,65,34,5.84
232,Coahuayana,MX,2022-04-04 16:59:37,18.7333,-103.6833,84.0,44,24,6.8
233,Ginir,ET,2022-04-04 16:59:37,7.1333,40.7,64.89,43,16,4.56
234,Muli,MV,2022-04-04 16:59:37,2.9167,73.5667,83.82,60,64,2.44
235,Hervey Bay,AU,2022-04-04 16:59:38,-25.2986,152.8535,71.65,79,3,7.74
236,Codrington,AU,2022-04-04 16:59:38,-38.2667,141.9667,50.61,89,70,2.77
237,Encarnacion,PY,2022-04-04 16:59:38,-27.3333,-55.9,75.72,73,100,6.91
238,Gamba,GA,2022-04-04 16:59:39,-2.65,10.0,79.84,81,97,4.65
239,Rawson,AR,2022-04-04 16:59:39,-43.3002,-65.1023,65.21,33,55,20.04
240,Rodrigues Alves,BR,2022-04-04 16:59:39,-7.738,-72.6509,86.2,50,34,1.72
241,Pangody,RU,2022-04-04 16:59:40,65.85,74.4859,31.06,98,100,15.05
242,Hamilton,US,2022-04-04 16:55:19,39.1834,-84.5333,54.1,58,100,5.01
243,Camana,PE,2022-04-04 16:59:40,-16.6228,-72.7111,73.47,72,38,9.24
244,Cabo San Lucas,MX,2022-04-04 16:58:57,22.8909,-109.9124,76.6,60,24,12.95
245,Cabedelo,BR,2022-04-04 16:59:41,-6.9811,-34.8339,86.67,62,27,13.42
246,Desaguadero,PE,2022-04-04 16:59:41,-16.5656,-69.0417,54.07,57,79,11.72
247,Batemans Bay,AU,2022-04-04 16:59:41,-35.7167,150.1833,57.27,84,1,3.91
248,Guayaramerin,BO,2022-04-04 16:59:42,-10.8368,-65.3614,86.05,62,75,2.3
249,Ushtobe,KZ,2022-04-04 16:59:42,45.2514,77.9838,59.88,36,99,6.55
250,Obidos,BR,2022-04-04 16:57:01,-1.9175,-55.5181,75.09,95,100,3.87
251,Longyearbyen,SJ,2022-04-04 16:59:42,78.2186,15.6401,10.24,56,16,23.02
252,Mayumba,GA,2022-04-04 16:59:43,-3.432,10.6554,80.74,81,90,5.61
253,Ouro Preto Do Oeste,BR,2022-04-04 16:59:43,-10.7481,-62.2158,85.71,69,7,1.83
254,Niteroi,BR,2022-04-04 16:55:56,-22.8833,-43.1036,92.82,62,20,9.22
255,Lasa,IT,2022-04-04 16:59:43,46.6166,10.7002,44.69,85,61,1.95
256,Gari,RU,2022-04-04 16:59:44,59.4307,62.3497,31.17,96,82,2.59
257,Namibe,AO,2022-04-04 16:56:03,-15.1961,12.1522,71.06,80,88,11.99
258,Boyolangu,ID,2022-04-04 16:59:44,-8.1181,111.8935,75.04,89,14,0.22
259,Ancud,CL,2022-04-04 16:52:38,-41.8697,-73.8203,54.23,81,100,8.66
260,Iqaluit,CA,2022-04-04 16:52:35,63.7506,-68.5145,10.13,72,20,23.02
261,Nantucket,US,2022-04-04 16:59:45,41.2835,-70.0995,48.02,64,51,12.77
262,Emerald,AU,2022-04-04 16:59:45,-23.5333,148.1667,69.94,94,6,4.61
263,Kavieng,PG,2022-04-04 16:59:45,-2.5744,150.7967,79.52,85,100,16.44
264,Along,IN,2022-04-04 16:59:46,28.1667,94.7667,65.55,96,100,1.16
265,Cidreira,BR,2022-04-04 16:59:46,-30.1811,-50.2056,71.24,85,100,8.88
266,Beira,MZ,2022-04-04 16:58:38,-19.8436,34.8389,80.69,83,20,11.99
267,Luanda,AO,2022-04-04 16:59:46,-8.8368,13.2343,82.4,74,20,11.5
268,Cloquet,US,2022-04-04 16:59:47,46.7216,-92.4594,37.35,84,57,4.61
269,Chara,RU,2022-04-04 16:59:47,56.9064,118.2631,-0.63,75,94,2.71
270,Mosjoen,NO,2022-04-04 16:58:07,65.836,13.1908,34.66,47,20,2.3
271,Bitung,ID,2022-04-04 16:59:47,1.4451,125.1824,77.85,80,98,4.45
272,Petropavlovsk-Kamchatskiy,RU,2022-04-04 16:59:48,53.0452,158.6483,23.59,68,0,8.95
273,Leh,IN,2022-04-04 16:55:04,34.1667,77.5833,27.88,52,1,5.73
274,Bandarbeyla,SO,2022-04-04 16:59:48,9.4942,50.8122,80.11,72,60,8.68
275,Aksu,CN,2022-04-04 17:00:26,41.1231,80.2644,62.6,21,0,4.7
276,Martapura,ID,2022-04-04 17:00:48,-3.4167,114.85,75.29,100,75,3.44
277,Biak,ID,2022-04-04 17:00:49,-0.9131,122.8766,76.12,82,98,3.31
278,Viedma,AR,2022-04-04 17:00:49,-40.8135,-62.9967,66.27,31,12,14.81
279,Labrea,BR,2022-04-04 17:00:49,-7.2586,-64.7981,92.21,50,94,1.19
280,Airai,TL,2022-04-04 16:52:41,-8.9266,125.4092,58.42,91,14,1.12
281,Monteagudo,BO,2022-04-04 17:00:50,-19.8167,-63.9833,77.99,42,92,2.26
282,Bambous Virieux,MU,2022-04-04 17:00:50,-20.3428,57.7575,78.22,80,100,12.48
283,Araouane,ML,2022-04-04 17:00:51,18.9048,-3.5265,102.0,7,0,7.83
284,Samarai,PG,2022-04-04 17:00:51,-10.6167,150.6667,81.63,79,100,10.89
285,Inongo,CD,2022-04-04 17:00:51,-1.95,18.2667,78.21,76,30,1.01
286,Majene,ID,2022-04-04 17:00:52,-3.5403,118.9707,77.76,84,97,3.09
287,Xuanhua,CN,2022-04-04 17:00:52,40.6103,115.0447,55.69,25,7,4.68
288,Zhigansk,RU,2022-04-04 17:00:52,66.7697,123.3711,-0.62,96,90,13.0
289,Talnakh,RU,2022-04-04 17:00:52,69.4865,88.3972,-0.9,90,22,7.87
290,Yinchuan,CN,2022-04-04 17:00:53,38.4681,106.2731,54.93,14,0,2.64
291,Manokwari,ID,2022-04-04 17:00:53,-0.8667,134.0833,77.68,82,99,3.62
292,Lahij,YE,2022-04-04 17:00:54,13.1667,44.5833,80.01,37,2,4.76
293,Mabamba,TZ,2022-04-04 17:00:54,-3.5983,30.5019,64.78,90,77,0.96
294,Chiang Klang,TH,2022-04-04 17:00:54,19.2938,100.8617,72.63,71,44,2.17
295,Goderich,CA,2022-04-04 17:00:32,43.7501,-81.7165,39.9,65,100,10.96
296,Udachnyy,RU,2022-04-04 17:00:55,66.4167,112.4,-5.64,100,100,4.72
297,San Andres,CO,2022-04-04 17:00:55,12.5847,-81.7006,80.91,76,79,16.37
298,Hambantota,LK,2022-04-04 17:00:56,6.1241,81.1185,80.37,75,66,3.53
299,Anadyr,RU,2022-04-04 17:00:56,64.75,177.4833,-23.69,99,35,9.69
300,Ostrovnoy,RU,2022-04-04 16:52:32,68.0531,39.5131,19.35,91,93,10.69
301,Porterville,US,2022-04-04 16:57:05,36.0652,-119.0168,62.53,40,8,4.79
302,Staroutkinsk,RU,2022-04-04 17:00:56,57.2302,59.3348,36.21,100,100,3.38
303,Lata,PT,2022-04-04 17:00:57,40.1629,-8.3327,58.82,30,92,9.24
304,Iberia,US,2022-04-04 17:00:57,29.9502,-91.7507,78.06,69,40,10.36
305,Komsomolskiy,UZ,2022-04-04 17:00:57,40.4272,71.7189,65.12,42,0,6.91
306,Sandpoint,US,2022-04-04 17:00:31,48.2766,-116.5533,42.69,94,100,9.22
307,Batocina,RS,2022-04-04 17:00:58,44.1536,21.0817,42.58,56,82,4.12
308,San Policarpo,PH,2022-04-04 17:00:58,12.1791,125.5072,80.69,86,100,14.47
309,Yar-Sale,RU,2022-04-04 17:00:58,66.8333,70.8333,27.43,97,100,12.62
310,Innisfail,AU,2022-04-04 17:00:59,-17.5333,146.0333,78.04,82,66,2.82
311,Shangrao,CN,2022-04-04 17:00:59,28.4532,117.9686,55.04,79,92,2.06
312,Itarema,BR,2022-04-04 17:00:59,-2.9248,-39.9167,84.04,74,93,13.09
313,Revelstoke,CA,2022-04-04 17:00:32,50.9832,-118.2023,39.22,93,100,6.91
314,Mozarlandia,BR,2022-04-04 17:01:00,-14.7447,-50.5706,88.66,45,4,7.74
315,Eltham,NZ,2022-04-04 17:00:25,-39.4292,174.3,59.68,98,82,5.12
316,Beian,NO,2022-04-04 17:01:00,63.6559,9.5683,34.02,93,75,12.66
317,Karoi,ZW,2022-04-04 17:01:01,-16.8099,29.6925,65.41,90,61,1.77
318,Oneonta,US,2022-04-04 16:58:51,42.4529,-75.0638,41.05,80,99,7.07
319,Mount Gambier,AU,2022-04-04 17:01:01,-37.8333,140.7667,46.31,93,75,3.44
320,Belaya Gora,RU,2022-04-04 17:01:01,68.5333,146.4167,-18.54,100,99,2.55
321,Te Anau,NZ,2022-04-04 17:01:02,-45.4167,167.7167,56.35,92,100,2.21
322,Alice Springs,AU,2022-04-04 17:02:02,-23.7,133.8833,69.22,32,0,4.61
323,Walvis Bay,NA,2022-04-04 17:02:03,-22.9575,14.5053,63.09,67,0,16.4
324,Ozimek,PL,2022-04-04 17:00:01,50.6794,18.2137,43.0,61,100,13.96
325,San Lorenzo,PY,2022-04-04 17:02:03,-25.3333,-57.5333,82.44,68,94,3.74
326,Lunca Muresului,RO,2022-04-04 17:02:03,46.4333,23.9,39.51,65,82,3.06
327,Xining,CN,2022-04-04 17:00:16,36.6167,101.7667,42.48,35,56,3.04
328,Mackenzie,CA,2022-04-04 17:02:04,55.2999,-123.1698,29.53,76,100,6.35
329,Glens Falls,US,2022-04-04 17:02:04,43.3095,-73.644,53.11,45,100,6.91
330,Vikhorevka,RU,2022-04-04 17:02:05,56.1201,101.1636,20.79,95,85,1.81
331,Romny,UA,2022-04-04 17:02:05,50.751,33.4747,35.6,63,72,6.93
332,Presidencia Roque Saenz Pena,AR,2022-04-04 17:02:05,-26.7852,-60.4388,82.62,54,74,7.0
333,Port-Gentil,GA,2022-04-04 17:02:06,-0.7193,8.7815,80.44,78,100,5.59
334,Hede,CN,2022-04-04 17:02:06,33.7681,120.2517,45.18,78,100,8.12
335,Neiafu,TO,2022-04-04 17:02:06,-18.65,-173.9833,79.72,75,100,15.5
336,Salalah,OM,2022-04-04 17:02:07,17.0151,54.0924,78.66,75,0,0.56
337,Arlit,NE,2022-04-04 17:02:07,18.7369,7.3853,103.84,3,87,13.06
338,Richards Bay,ZA,2022-04-04 17:02:07,-28.783,32.0377,77.14,63,100,7.07
339,Katherine,AU,2022-04-04 17:02:08,-14.4667,132.2667,82.72,57,75,5.75
340,Itaqui,BR,2022-04-04 17:02:08,-29.1253,-56.5531,74.1,72,68,6.17
341,Baykit,RU,2022-04-04 17:02:08,61.67,96.37,7.29,95,100,3.27
342,Touros,BR,2022-04-04 16:59:05,-5.1989,-35.4608,85.64,59,20,15.57
343,Kampong Chhnang,KH,2022-04-04 17:02:09,12.1667,104.55,74.77,71,39,4.97
344,Quatre Cocos,MU,2022-04-04 17:02:09,-20.2078,57.7625,78.1,81,100,12.5
345,Pincher Creek,CA,2022-04-04 17:00:10,49.4833,-113.952,45.05,49,20,19.57
346,Zyryanka,RU,2022-04-04 17:02:09,65.75,150.85,-5.87,99,100,7.4
347,Santa Cruz,BO,2022-04-04 17:00:10,-17.8,-63.1667,86.05,54,75,9.22
348,Kozienice,PL,2022-04-04 16:59:33,51.5829,21.5478,42.03,47,88,15.57
349,Saldanha,ZA,2022-04-04 17:02:06,-33.0117,17.9442,63.37,82,21,8.86
350,Taksimo,RU,2022-04-04 17:02:10,56.3444,114.8794,8.94,86,99,4.36
351,Cedartown,US,2022-04-04 17:02:10,34.0537,-85.255,69.28,32,88,3.65
352,Omsukchan,RU,2022-04-04 17:02:11,62.5333,155.8,-10.7,100,94,3.0
353,Siavonga,ZM,2022-04-04 17:02:11,-16.5382,28.7088,80.92,67,79,3.06
354,Marsaxlokk,MT,2022-04-04 17:02:11,35.8419,14.5431,59.61,82,75,16.11
355,Iquique,CL,2022-04-04 17:02:12,-20.2208,-70.1431,71.2,68,12,7.25
356,Mount Isa,AU,2022-04-04 17:00:19,-20.7333,139.5,69.57,19,5,5.75
357,Arica,CL,2022-04-04 17:01:56,-18.475,-70.3042,73.29,64,27,7.85
358,Cassia,BR,2022-04-04 17:02:12,-20.5831,-46.9219,84.13,55,12,1.32
359,Kavaratti,IN,2022-04-04 17:02:13,10.5669,72.642,83.05,72,57,5.93
360,Talakan,RU,2022-04-04 17:02:13,50.3167,130.3667,28.8,87,100,3.15
361,Halifax,CA,2022-04-04 17:01:37,44.6453,-63.5724,35.22,97,100,26.46
362,Yangambi,CD,2022-04-04 17:02:13,0.8102,24.4336,76.06,73,78,0.45
363,Pangkalanbuun,ID,2022-04-04 17:02:14,-2.6833,111.6167,73.69,98,74,1.66
364,Jardim,BR,2022-04-04 17:02:14,-21.4803,-56.1381,92.71,42,5,4.88
365,Zhangye,CN,2022-04-04 17:02:14,38.9342,100.4517,50.81,20,0,3.4
366,Bad Sachsa,DE,2022-04-04 17:02:15,51.595,10.5555,38.32,94,100,1.01
367,Chiredzi,ZW,2022-04-04 17:02:15,-21.05,31.6667,80.26,58,68,5.1
368,Bellary,IN,2022-04-04 17:03:16,15.15,76.9333,89.73,23,44,4.74
369,Sioux Lookout,CA,2022-04-04 17:03:16,50.1001,-91.917,37.47,70,75,2.3
370,Santa Rosa,PH,2022-04-04 17:03:16,14.3122,121.1114,82.02,69,85,11.99
371,Egvekinot,RU,2022-04-04 17:03:16,66.3167,-179.1667,-14.57,86,14,18.21
372,Prince Rupert,CA,2022-04-04 17:00:18,54.3161,-130.3201,37.13,83,100,5.37
373,Verkhnevilyuysk,RU,2022-04-04 17:03:17,63.4453,120.3167,1.49,99,91,4.43
374,Provideniya,RU,2022-04-04 17:03:17,64.3833,-173.3,-5.03,83,3,9.78
375,Simao,CN,2022-04-04 17:03:17,22.7886,100.9748,63.99,69,97,2.98
376,Port Hardy,CA,2022-04-04 17:03:18,50.6996,-127.4199,38.62,96,93,14.99
377,Dalton,US,2022-04-04 17:00:09,34.7698,-84.9702,68.49,33,0,8.05
378,Gangakher,IN,2022-04-04 17:03:18,18.95,76.75,93.27,12,30,6.08
379,Gazojak,TM,2022-04-04 17:03:18,41.1875,61.4036,76.77,13,0,11.16
380,Uaua,BR,2022-04-04 17:03:19,-9.8414,-39.4817,95.63,25,21,15.08
381,Moose Factory,CA,2022-04-04 17:03:19,51.2585,-80.6094,25.18,87,90,4.03
382,Santa Maria,BR,2022-04-04 17:03:13,-29.6842,-53.8069,73.33,82,91,4.18
383,Kraslava,LV,2022-04-04 17:03:19,55.8951,27.168,35.06,95,100,12.48
384,Panukulan,PH,2022-04-04 17:03:20,14.9333,121.8144,78.64,85,97,21.45
385,Barzas,RU,2022-04-04 17:03:20,55.7167,86.3167,34.54,98,100,8.93
386,Axim,GH,2022-04-04 17:03:20,4.8699,-2.2405,84.6,72,74,8.95
387,Shimoda,JP,2022-04-04 16:58:40,34.6667,138.95,48.11,81,62,10.78
388,Villa Rica,US,2022-04-04 16:59:53,33.7321,-84.9191,71.11,39,98,4.5
389,Talara,PE,2022-04-04 17:03:21,-4.5772,-81.2719,77.34,67,75,14.85
390,Ust-Uda,RU,2022-04-04 17:03:21,54.1742,103.0304,14.31,95,100,1.21
391,Kaeo,NZ,2022-04-04 17:03:22,-35.1,173.7833,61.32,96,100,3.18
392,La Ronge,CA,2022-04-04 17:03:22,55.1001,-105.2842,35.74,77,85,14.12
393,Adrar,MR,2022-04-04 17:03:22,20.5022,-10.0711,90.43,13,0,18.95
394,San Alejo,SV,2022-04-04 17:03:22,13.4314,-87.9631,97.54,34,68,1.36
395,Dunedin,NZ,2022-04-04 17:02:31,-45.8742,170.5036,58.8,82,100,11.01
396,Hay River,CA,2022-04-04 17:03:23,60.8156,-115.7999,33.24,97,100,9.08
397,Lexington,US,2022-04-04 16:59:10,37.9887,-84.4777,60.33,52,100,1.99
398,Suriapet,IN,2022-04-04 17:03:23,17.15,79.6167,82.85,54,17,12.59
399,Magadan,RU,2022-04-04 17:03:24,59.5667,150.8,17.2,82,100,13.98
400,Youghal,IE,2022-04-04 17:03:24,51.95,-7.8506,53.1,96,100,16.44
401,Seligenstadt,DE,2022-04-04 17:03:24,50.0432,8.9739,46.78,55,100,5.99
402,Basco,PH,2022-04-04 17:03:24,20.4487,121.9702,74.26,75,94,27.31
403,Praya,CV,2022-04-04 17:03:25,14.9215,-23.5087,77.54,53,20,21.85
404,Surt,LY,2022-04-04 17:03:25,31.2089,16.5887,72.86,52,0,11.39
405,Mende,FR,2022-04-04 17:03:26,44.6667,3.5,36.14,81,44,4.09
406,Astoria,US,2022-04-04 17:03:26,46.1879,-123.8313,51.69,75,100,19.57
407,Waddan,LY,2022-04-04 17:01:05,29.1614,16.139,93.09,5,0,6.82
408,Brae,GB,2022-04-04 17:03:26,60.3964,-1.353,37.58,62,100,21.16
409,Cap Malheureux,MU,2022-04-04 17:03:27,-19.9842,57.6142,78.48,85,100,5.99
410,Assens,DK,2022-04-04 17:03:27,55.2702,9.9008,44.49,73,75,27.83
411,Evanston,US,2022-04-04 17:00:13,42.0411,-87.6901,49.05,73,100,16.11
412,Kuybysheve,UA,2022-04-04 17:03:27,47.358,36.6491,38.14,49,100,5.55
413,Macusani,PE,2022-04-04 17:03:28,-14.0833,-70.4333,50.94,53,29,13.71
414,Sitka,US,2022-04-04 17:03:28,57.0531,-135.33,37.54,85,64,2.55
415,Neka,IR,2022-04-04 17:03:28,36.6508,53.299,56.88,74,100,11.79
416,Cabra,ES,2022-04-04 17:04:29,37.4725,-4.4421,54.66,50,100,1.99
417,Vao,NC,2022-04-04 17:04:29,-22.6667,167.4833,78.35,85,100,14.72
418,Strezhevoy,RU,2022-04-04 17:04:30,60.7333,77.5889,34.88,100,100,8.68
419,Bagdarin,RU,2022-04-04 17:04:30,54.4333,113.6,-0.44,88,28,4.52
420,Bengkulu,ID,2022-04-04 17:04:30,-3.8004,102.2655,76.82,84,86,4.45
421,Tevaitoa,PF,2022-04-04 17:04:31,-16.7833,-151.5,82.15,73,100,18.32
422,Porbandar,IN,2022-04-04 17:04:31,21.6422,69.6093,80.62,65,34,10.4
423,Saint-Georges,GD,2022-04-04 17:04:31,12.0564,-61.7485,83.88,70,20,20.71
424,Masingbi,SL,2022-04-04 17:04:32,8.7833,-11.95,99.61,26,14,5.23
425,Bilibino,RU,2022-04-04 17:04:32,68.0546,166.4372,-20.94,90,22,5.21
426,Bembereke,BJ,2022-04-04 17:04:33,10.2283,2.6634,100.04,17,99,5.14
427,Jumla,NP,2022-04-04 17:01:22,29.2747,82.1838,49.8,34,16,5.03
428,Monrovia,LR,2022-04-04 17:00:13,6.3005,-10.7969,82.17,69,46,11.77
429,Chulman,RU,2022-04-04 17:04:33,56.8479,124.9104,-3.87,100,97,3.04
430,Phan Thiet,VN,2022-04-04 17:04:34,10.9333,108.1,78.19,77,15,4.38
431,Lamu,KE,2022-04-04 17:04:34,-2.2717,40.902,81.32,79,52,11.92
432,Altamont,US,2022-04-04 17:04:34,42.2068,-121.7372,41.77,91,100,12.66
433,Cap-Aux-Meules,CA,2022-04-04 17:04:35,47.3821,-61.8597,30.94,92,100,20.49
434,Kijang,KR,2022-04-04 17:04:35,35.2442,129.2139,52.48,59,2,5.23
435,Manacapuru,BR,2022-04-04 17:04:35,-3.2997,-60.6206,81.41,82,63,1.23
436,Havre De Grace,US,2022-04-04 17:04:36,39.5493,-76.0916,55.33,46,40,5.75
437,Sikandra Rao,IN,2022-04-04 17:04:36,27.7,78.4,84.76,5,14,6.46
438,Novikovo,RU,2022-04-04 17:03:37,51.1537,37.8879,34.61,71,78,5.95
439,Uruzgan,AF,2022-04-04 17:04:36,32.8333,66.0,65.08,19,100,1.72
440,Tchollire,CM,2022-04-04 17:04:37,8.4022,14.1698,97.29,17,92,2.89
441,Rocha,UY,2022-04-04 16:59:45,-34.4833,-54.3333,70.52,27,0,12.5
442,Carlsbad,US,2022-04-04 17:04:29,33.1581,-117.3506,67.5,79,75,8.01
443,Mayenne,FR,2022-04-04 17:04:37,48.3333,-0.6667,49.44,74,100,13.35
444,Yueyang,CN,2022-04-04 17:04:38,29.3333,113.0919,63.25,62,100,6.08
445,Concarneau,FR,2022-04-04 17:04:38,47.875,-3.9225,48.99,89,100,14.09
446,Necochea,AR,2022-04-04 17:00:53,-38.5473,-58.7368,64.98,40,1,13.49
447,Hualmay,PE,2022-04-04 17:04:39,-11.0964,-77.6139,74.25,73,71,9.35
448,Kiboga,UG,2022-04-04 17:04:39,0.9161,31.7742,75.27,52,53,5.99
449,Sterling,US,2022-04-04 17:03:35,39.0062,-77.4286,55.4,44,75,4.61
450,Cayenne,GF,2022-04-04 17:03:51,4.9333,-52.3333,82.09,1,75,10.36
451,Thessalon,CA,2022-04-04 17:00:33,46.2501,-83.5666,37.69,95,100,10.31
452,Dumas,US,2022-04-04 17:04:40,35.8656,-101.9732,58.53,19,0,14.97
453,Pavlodar,KZ,2022-04-04 17:04:40,52.3,76.95,44.4,65,0,4.47
454,Svetlaya,RU,2022-04-04 17:04:40,46.5389,138.3297,36.45,89,35,8.16
455,Shelopugino,RU,2022-04-04 17:04:41,51.6514,117.5599,11.66,83,64,3.76
456,Ballina,AU,2022-04-04 17:04:41,-28.8667,153.5667,66.02,99,23,3.67
457,Dzhebariki-Khaya,RU,2022-04-04 17:04:41,62.2167,135.8,3.79,96,100,3.36
458,Turinsk,RU,2022-04-04 17:04:42,58.0458,63.696,37.15,100,100,4.83
459,Manado,ID,2022-04-04 17:05:42,1.487,124.8455,77.77,94,20,2.3
460,Sangar,RU,2022-04-04 17:05:43,63.9242,127.4739,-2.07,99,99,4.56
461,Qaqortoq,GL,2022-04-04 17:05:43,60.7167,-46.0333,38.28,72,100,3.91
462,Vardo,NO,2022-04-04 17:03:09,70.3705,31.1107,28.38,59,75,16.11
463,Porto Novo,BJ,2022-04-04 17:05:43,6.4965,2.6036,85.91,67,81,12.33
464,Mayo,US,2022-04-04 17:05:44,38.8876,-76.5119,56.21,45,40,9.22
465,Independence,US,2022-04-04 17:04:04,39.0911,-94.4155,52.92,63,0,10.36
466,Riyadh,SA,2022-04-04 17:01:00,24.6877,46.7219,86.45,9,14,9.8
467,Carutapera,BR,2022-04-04 17:05:44,-1.195,-46.02,84.25,70,100,5.12
468,Maridi,SS,2022-04-04 17:05:45,4.9158,29.4742,82.09,38,79,3.67
469,Kudat,MY,2022-04-04 17:01:19,6.8837,116.8477,76.33,94,100,11.77
470,Christchurch,NZ,2022-04-04 17:04:07,-43.5333,172.6333,56.95,87,100,3.44
471,Mindelo,CV,2022-04-04 17:05:45,16.8901,-24.9804,74.75,57,75,12.66
472,Impfondo,CG,2022-04-04 17:05:45,1.6381,18.0667,80.1,62,92,1.41
473,Ntcheu,MW,2022-04-04 17:05:46,-14.8203,34.6359,65.57,95,71,1.81
474,Ojinaga,MX,2022-04-04 17:05:46,29.5667,-104.4167,85.57,17,0,19.57
475,Svay Rieng,KH,2022-04-04 17:05:46,11.0879,105.7993,80.1,64,97,8.59
476,Birao,CF,2022-04-04 17:05:47,10.2849,22.7882,95.61,18,29,4.29
477,North Bend,US,2022-04-04 17:05:47,43.4065,-124.2243,50.92,99,100,9.22
478,Shetpe,KZ,2022-04-04 17:05:47,44.1667,52.1167,49.57,63,90,17.18
479,Pimenta Bueno,BR,2022-04-04 17:05:48,-11.6725,-61.1936,83.93,78,8,1.5
480,Aromashevo,RU,2022-04-04 17:05:48,56.8602,68.6375,37.42,98,100,9.26
481,Velsen,NL,2022-04-04 17:05:49,52.46,4.65,49.98,92,75,18.41
482,Bialystok,PL,2022-04-04 17:04:27,53.1333,23.15,38.97,64,99,5.99
483,Abonnema,NG,2022-04-04 17:05:49,4.7084,6.7931,85.57,67,81,12.41
484,George Town,MY,2022-04-04 17:04:49,5.4112,100.3354,78.73,89,40,2.3
485,Aktau,KZ,2022-04-04 17:05:50,43.65,51.2,50.58,65,82,18.16
486,Wanning,CN,2022-04-04 17:05:50,18.8003,110.3967,68.29,84,92,6.8
487,Kogon,UZ,2022-04-04 17:05:51,39.7228,64.5517,66.24,42,0,6.91
488,Gushikawa,JP,2022-04-04 17:05:51,26.3544,127.8686,63.63,85,0,5.75
489,Gimli,CA,2022-04-04 17:05:51,50.6336,-96.9907,31.53,88,28,10.31
490,Klaksvik,FO,2022-04-04 17:05:52,62.2266,-6.589,34.72,64,100,19.37
491,Kuching,MY,2022-04-04 17:05:52,1.55,110.3333,77.22,94,40,2.3
492,Paragould,US,2022-04-04 17:05:52,36.0584,-90.4973,62.1,56,100,9.42
493,Guamuchil,MX,2022-04-04 17:05:53,25.4667,-108.1,75.52,58,62,5.06
494,Show Low,US,2022-04-04 17:05:53,34.2542,-110.0298,60.08,40,0,4.61
495,Manavalakurichi,IN,2022-04-04 17:05:53,8.1333,77.3,81.66,74,33,1.12
496,Rio Grande,BR,2022-04-04 17:03:31,-32.035,-52.0986,72.95,84,99,11.14
497,Kargasok,RU,2022-04-04 17:05:54,59.0556,80.8572,35.01,99,100,9.1
498,Sinaloa,MX,2022-04-04 17:03:19,25.0,-107.5,78.13,54,50,3.89
499,Banjar,ID,2022-04-04 17:05:54,-8.19,114.9675,75.61,91,20,4.88
500,Hirara,JP,2022-04-04 17:05:55,24.8,125.2833,68.77,62,0,13.98
501,Brigham City,US,2022-04-04 17:05:55,41.5102,-112.0155,58.48,23,40,11.99
502,Scottsbluff,US,2022-04-04 17:05:55,41.8666,-103.6672,61.92,37,0,19.57
503,Opuwo,NA,2022-04-04 17:05:56,-18.0607,13.84,75.9,42,0,10.47
504,Kattivakkam,IN,2022-04-04 17:06:56,13.2167,80.3167,85.06,85,50,10.98
505,Kasongo-Lunda,CD,2022-04-04 17:06:56,-6.4667,16.8167,76.95,80,65,0.45
506,Vizinga,RU,2022-04-04 17:06:57,61.0749,50.1031,20.21,96,100,1.86
507,Karratha,AU,2022-04-04 17:03:58,-20.7377,116.8463,83.35,66,16,10.02
508,Pangnirtung,CA,2022-04-04 17:05:28,66.1451,-65.7125,15.39,92,100,6.2
509,Cancun,MX,2022-04-04 17:02:33,21.1743,-86.8466,86.05,66,2,13.87
510,Bud,US,2022-04-04 17:06:57,39.447,-86.1758,57.18,70,100,10.11
511,Omboue,GA,2022-04-04 17:06:15,-1.5746,9.2618,79.14,85,100,1.9
512,Ikornnes,NO,2022-04-04 17:06:58,62.3873,6.557,36.34,92,100,3.0
513,Tuyen Quang,VN,2022-04-04 17:06:58,21.8233,105.2181,63.28,71,1,2.28
514,Murdochville,CA,2022-04-04 17:06:58,48.9583,-65.5006,26.37,85,88,9.08
515,Cao Bang,VN,2022-04-04 17:06:59,22.6667,106.25,60.73,77,0,1.99
516,Comodoro Rivadavia,AR,2022-04-04 17:06:59,-45.8667,-67.5,62.46,34,100,41.43
517,Kapustin Yar,RU,2022-04-04 17:06:59,48.5831,45.7372,44.01,54,73,16.64
518,Behshahr,IR,2022-04-04 17:07:00,36.6923,53.5526,60.62,64,100,15.12
519,Mitsamiouli,KM,2022-04-04 17:07:00,-11.3847,43.2844,82.38,72,3,2.35
520,Ambilobe,MG,2022-04-04 17:07:00,-13.2,49.05,75.72,92,95,1.79
521,Gladstone,AU,2022-04-04 17:07:01,-23.85,151.25,69.73,83,1,0.0
522,Stephenville,US,2022-04-04 17:07:01,32.2207,-98.2023,75.33,62,75,10.0
523,Lady Frere,ZA,2022-04-04 17:07:01,-31.7031,27.2329,67.21,40,29,7.34
524,Tromso,NO,2022-04-04 17:07:02,69.6496,18.957,26.62,46,0,4.61
525,Jalingo,NG,2022-04-04 17:07:02,8.8833,11.3667,99.36,19,90,4.21
526,Vila Franca Do Campo,PT,2022-04-04 17:07:02,37.7167,-25.4333,59.41,56,92,6.33
527,Mezen,RU,2022-04-04 17:07:03,65.8522,44.24,13.93,94,49,4.81
528,Umm Lajj,SA,2022-04-04 17:07:03,25.0213,37.2685,79.18,56,100,5.21
529,Poum,NC,2022-04-04 17:07:03,-20.2333,164.0167,81.5,83,100,24.58
530,Fortuna,US,2022-04-04 17:04:28,40.5982,-124.1573,52.14,95,100,13.8
531,Asau,RO,2022-04-04 17:04:40,46.4333,26.4,43.72,62,95,7.11
532,Nacogdoches,US,2022-04-04 17:07:04,31.6002,-94.6335,75.06,64,20,6.91
533,Hopkinsville,US,2022-04-04 17:05:34,36.8656,-87.4886,53.55,79,100,1.01
534,Parainen,FI,2022-04-04 17:07:05,60.3067,22.301,33.42,99,100,8.23
535,Sinnamary,GF,2022-04-04 17:05:44,5.3833,-52.95,80.49,82,95,14.07
536,Moyale,KE,2022-04-04 17:07:05,3.5167,39.0584,77.9,36,30,7.92
537,Ponta Do Sol,PT,2022-04-04 17:04:43,32.6667,-17.1,61.43,49,38,12.46
538,Noyabrsk,RU,2022-04-04 17:07:05,63.1994,75.4507,34.72,100,100,18.01
539,Rumuruti,KE,2022-04-04 17:07:06,0.267,36.5389,66.72,61,72,11.54
540,Nome,US,2022-04-04 17:07:06,64.5011,-165.4064,12.27,52,0,20.71
541,Westport,US,2022-04-04 17:07:06,41.1415,-73.3579,54.9,48,20,14.97
542,Mitzic,GA,2022-04-04 17:07:07,0.7821,11.549,73.06,93,90,2.75
543,Togur,RU,2022-04-04 17:07:07,58.3631,82.8265,34.3,100,100,8.32
544,Springville,US,2022-04-04 17:07:07,40.1652,-111.6107,59.85,30,100,3.44
545,Aykhal,RU,2022-04-04 17:04:42,66.0,111.5,-1.37,100,100,5.17
546,Holguin,CU,2022-04-04 17:07:08,20.8872,-76.2631,87.3,55,75,6.91
547,Ukhta,RU,2022-04-04 17:02:37,63.5671,53.6835,16.92,94,100,1.95
548,Salinas,US,2022-04-04 17:05:47,36.6777,-121.6555,59.52,64,0,5.75
549,Traverse City,US,2022-04-04 17:08:08,44.7631,-85.6206,37.83,94,100,6.91
